{
  "AWSTemplateFormatVersion": "2010-09-09",
  "Description": "Lambda resource stack creation using Amplify CLI",
  "Parameters": {
    "CloudWatchRule": {
      "Type": "String",
      "Default": "NONE",
      "Description": " Schedule Expression"
    },
    "env": {
      "Type": "String"
    },
    "apiformdashboardGraphQLAPIIdOutput": {
      "Type": "String",
      "Default": "apiformdashboardGraphQLAPIIdOutput"
    },
    "apiformdashboardGraphQLAPIEndpointOutput": {
      "Type": "String",
      "Default": "apiformdashboardGraphQLAPIEndpointOutput"
    },
    "authformdashboard0f0e94ddUserPoolId": {
      "Type": "String",
      "Default": "authformdashboard0f0e94ddUserPoolId"
    }
  },
  "Conditions": {
    "ShouldNotCreateEnvResources": {
      "Fn::Equals": [
        {
          "Ref": "env"
        },
        "NONE"
      ]
    }
  },
  "Resources": {
    "LambdaFunction": {
      "Type": "AWS::Lambda::Function",
      "Metadata": {
        "aws:asset:path": "./src",
        "aws:asset:property": "Code"
      },
      "Properties": {
        "Handler": "index.handler",
        "FunctionName": {
          "Fn::If": [
            "ShouldNotCreateEnvResources",
            "formDashboardAddEmailCLI",
            {
              "Fn::Join": [
                "",
                [
                  "formDashboardAddEmailCLI",
                  "-",
                  {
                    "Ref": "env"
                  }
                ]
              ]
            }
          ]
        },
        "Environment": {
          "Variables": {
            "ENV": {
              "Ref": "env"
            },
            "REGION": {
              "Ref": "AWS::Region"
            },
            "AUTH_FORMDASHBOARD0F0E94DD_USERPOOLID": {
              "Ref": "authformdashboard0f0e94ddUserPoolId"
            },
            "API_FORMDASHBOARD_GRAPHQLAPIIDOUTPUT": {
              "Ref": "apiformdashboardGraphQLAPIIdOutput"
            },
            "API_FORMDASHBOARD_GRAPHQLAPIENDPOINTOUTPUT": {
              "Ref": "apiformdashboardGraphQLAPIEndpointOutput"
            },
            "API_FORMDASHBOARD_USERTABLE_NAME": {
              "Fn::ImportValue": {
                "Fn::Sub": "${apiformdashboardGraphQLAPIIdOutput}:GetAtt:UserTable:Name"
              }
            },
            "API_FORMDASHBOARD_USERTABLE_ARN": {
              "Fn::Join": [
                "",
                [
                  "arn:aws:dynamodb:",
                  {
                    "Ref": "AWS::Region"
                  },
                  ":",
                  {
                    "Ref": "AWS::AccountId"
                  },
                  ":table/",
                  {
                    "Fn::ImportValue": {
                      "Fn::Sub": "${apiformdashboardGraphQLAPIIdOutput}:GetAtt:UserTable:Name"
                    }
                  }
                ]
              ]
            }
          }
        },
        "Role": {
          "Fn::GetAtt": [
            "LambdaExecutionRole",
            "Arn"
          ]
        },
        "Runtime": "nodejs12.x",
        "Timeout": "25",
        "Code": {
          "S3Bucket": "amplify-formdashboard-dev-154210-deployment",
          "S3Key": "amplify-builds/formDashboardAddEmailCLI-373132794b7a39524e62-build.zip"
        }
      }
    },
    "LambdaExecutionRole": {
      "Type": "AWS::IAM::Role",
      "Properties": {
        "RoleName": {
          "Fn::If": [
            "ShouldNotCreateEnvResources",
            "formdashboardLambdaRole817f6dc0",
            {
              "Fn::Join": [
                "",
                [
                  "formdashboardLambdaRole817f6dc0",
                  "-",
                  {
                    "Ref": "env"
                  }
                ]
              ]
            }
          ]
        },
        "AssumeRolePolicyDocument": {
          "Version": "2012-10-17",
          "Statement": [
            {
              "Effect": "Allow",
              "Principal": {
                "Service": [
                  "lambda.amazonaws.com"
                ]
              },
              "Action": [
                "sts:AssumeRole"
              ]
            }
          ]
        }
      }
    },
    "lambdaexecutionpolicy": {
      "DependsOn": [
        "LambdaExecutionRole"
      ],
      "Type": "AWS::IAM::Policy",
      "Properties": {
        "PolicyName": "lambda-execution-policy",
        "Roles": [
          {
            "Ref": "LambdaExecutionRole"
          }
        ],
        "PolicyDocument": {
          "Version": "2012-10-17",
          "Statement": [
            {
              "Effect": "Allow",
              "Action": [
                "logs:CreateLogGroup",
                "logs:CreateLogStream",
                "logs:PutLogEvents"
              ],
              "Resource": {
                "Fn::Sub": [
                  "arn:aws:logs:${region}:${account}:log-group:/aws/lambda/${lambda}:log-stream:*",
                  {
                    "region": {
                      "Ref": "AWS::Region"
                    },
                    "account": {
                      "Ref": "AWS::AccountId"
                    },
                    "lambda": {
                      "Ref": "LambdaFunction"
                    }
                  }
                ]
              }
            }
          ]
        }
      }
    },
    "AmplifyResourcesPolicy": {
      "DependsOn": [
        "LambdaExecutionRole"
      ],
      "Type": "AWS::IAM::Policy",
      "Properties": {
        "PolicyName": "amplify-lambda-execution-policy",
        "Roles": [
          {
            "Ref": "LambdaExecutionRole"
          }
        ],
        "PolicyDocument": {
          "Version": "2012-10-17",
          "Statement": [
            {
              "Effect": "Allow",
              "Action": [
                "cognito-idp:ConfirmSignUp",
                "cognito-idp:AdminCreateUser",
                "cognito-idp:CreateUserImportJob",
                "cognito-idp:AdminSetUserSettings",
                "cognito-idp:AdminLinkProviderForUser",
                "cognito-idp:CreateIdentityProvider",
                "cognito-idp:AdminConfirmSignUp",
                "cognito-idp:AdminDisableUser",
                "cognito-idp:AdminRemoveUserFromGroup",
                "cognito-idp:SetUserMFAPreference",
                "cognito-idp:SetUICustomization",
                "cognito-idp:SignUp",
                "cognito-idp:VerifyUserAttribute",
                "cognito-idp:SetRiskConfiguration",
                "cognito-idp:StartUserImportJob",
                "cognito-idp:AdminSetUserPassword",
                "cognito-idp:AssociateSoftwareToken",
                "cognito-idp:CreateResourceServer",
                "cognito-idp:RespondToAuthChallenge",
                "cognito-idp:CreateUserPoolClient",
                "cognito-idp:AdminUserGlobalSignOut",
                "cognito-idp:GlobalSignOut",
                "cognito-idp:AddCustomAttributes",
                "cognito-idp:CreateGroup",
                "cognito-idp:CreateUserPool",
                "cognito-idp:AdminForgetDevice",
                "cognito-idp:AdminAddUserToGroup",
                "cognito-idp:AdminRespondToAuthChallenge",
                "cognito-idp:ForgetDevice",
                "cognito-idp:CreateUserPoolDomain",
                "cognito-idp:AdminEnableUser",
                "cognito-idp:AdminUpdateDeviceStatus",
                "cognito-idp:StopUserImportJob",
                "cognito-idp:InitiateAuth",
                "cognito-idp:AdminInitiateAuth",
                "cognito-idp:AdminSetUserMFAPreference",
                "cognito-idp:ConfirmForgotPassword",
                "cognito-idp:SetUserSettings",
                "cognito-idp:VerifySoftwareToken",
                "cognito-idp:AdminDisableProviderForUser",
                "cognito-idp:SetUserPoolMfaConfig",
                "cognito-idp:ChangePassword",
                "cognito-idp:ConfirmDevice",
                "cognito-idp:AdminResetUserPassword",
                "cognito-idp:ResendConfirmationCode",
                "cognito-identity:Describe*",
                "cognito-identity:Get*",
                "cognito-identity:List*",
                "cognito-idp:Describe*",
                "cognito-idp:AdminGetDevice",
                "cognito-idp:AdminGetUser",
                "cognito-idp:AdminList*",
                "cognito-idp:List*",
                "cognito-sync:Describe*",
                "cognito-sync:Get*",
                "cognito-sync:List*",
                "iam:ListOpenIdConnectProviders",
                "iam:ListRoles",
                "sns:ListPlatformApplications",
                "cognito-idp:ForgotPassword",
                "cognito-idp:UpdateAuthEventFeedback",
                "cognito-idp:UpdateResourceServer",
                "cognito-idp:UpdateUserPoolClient",
                "cognito-idp:AdminUpdateUserAttributes",
                "cognito-idp:UpdateUserAttributes",
                "cognito-idp:UpdateUserPoolDomain",
                "cognito-idp:UpdateIdentityProvider",
                "cognito-idp:UpdateGroup",
                "cognito-idp:AdminUpdateAuthEventFeedback",
                "cognito-idp:UpdateDeviceStatus",
                "cognito-idp:UpdateUserPool"
              ],
              "Resource": [
                {
                  "Fn::Join": [
                    "",
                    [
                      "arn:aws:cognito-idp:",
                      {
                        "Ref": "AWS::Region"
                      },
                      ":",
                      {
                        "Ref": "AWS::AccountId"
                      },
                      ":userpool/",
                      {
                        "Ref": "authformdashboard0f0e94ddUserPoolId"
                      }
                    ]
                  ]
                }
              ]
            },
            {
              "Effect": "Allow",
              "Action": [
                "appsync:Create*",
                "appsync:StartSchemaCreation",
                "appsync:GraphQL",
                "appsync:Get*",
                "appsync:List*",
                "appsync:Update*"
              ],
              "Resource": [
                {
                  "Fn::Join": [
                    "",
                    [
                      "arn:aws:appsync:",
                      {
                        "Ref": "AWS::Region"
                      },
                      ":",
                      {
                        "Ref": "AWS::AccountId"
                      },
                      ":apis/",
                      {
                        "Ref": "apiformdashboardGraphQLAPIIdOutput"
                      },
                      "/*"
                    ]
                  ]
                }
              ]
            },
            {
              "Effect": "Allow",
              "Action": [
                "dynamodb:Put*",
                "dynamodb:Create*",
                "dynamodb:BatchWriteItem",
                "dynamodb:Get*",
                "dynamodb:BatchGetItem",
                "dynamodb:List*",
                "dynamodb:Describe*",
                "dynamodb:Scan",
                "dynamodb:Query",
                "dynamodb:Update*",
                "dynamodb:RestoreTable*"
              ],
              "Resource": [
                {
                  "Fn::Join": [
                    "",
                    [
                      "arn:aws:dynamodb:",
                      {
                        "Ref": "AWS::Region"
                      },
                      ":",
                      {
                        "Ref": "AWS::AccountId"
                      },
                      ":table/",
                      {
                        "Fn::ImportValue": {
                          "Fn::Sub": "${apiformdashboardGraphQLAPIIdOutput}:GetAtt:UserTable:Name"
                        }
                      }
                    ]
                  ]
                },
                {
                  "Fn::Join": [
                    "",
                    [
                      "arn:aws:dynamodb:",
                      {
                        "Ref": "AWS::Region"
                      },
                      ":",
                      {
                        "Ref": "AWS::AccountId"
                      },
                      ":table/",
                      {
                        "Fn::ImportValue": {
                          "Fn::Sub": "${apiformdashboardGraphQLAPIIdOutput}:GetAtt:UserTable:Name"
                        }
                      },
                      "/index/*"
                    ]
                  ]
                }
              ]
            }
          ]
        }
      }
    },
    "LambdaTriggerPolicyUser": {
      "DependsOn": [
        "LambdaExecutionRole"
      ],
      "Type": "AWS::IAM::Policy",
      "Properties": {
        "PolicyName": "amplify-lambda-execution-policy-User",
        "Roles": [
          {
            "Ref": "LambdaExecutionRole"
          }
        ],
        "PolicyDocument": {
          "Version": "2012-10-17",
          "Statement": [
            {
              "Effect": "Allow",
              "Action": [
                "dynamodb:DescribeStream",
                "dynamodb:GetRecords",
                "dynamodb:GetShardIterator",
                "dynamodb:ListStreams"
              ],
              "Resource": {
                "Fn::ImportValue": {
                  "Fn::Sub": "${apiformdashboardGraphQLAPIIdOutput}:GetAtt:UserTable:StreamArn"
                }
              }
            }
          ]
        }
      }
    },
    "LambdaEventSourceMappingUser": {
      "Type": "AWS::Lambda::EventSourceMapping",
      "DependsOn": [
        "LambdaTriggerPolicyUser",
        "LambdaExecutionRole"
      ],
      "Properties": {
        "BatchSize": 100,
        "Enabled": true,
        "EventSourceArn": {
          "Fn::ImportValue": {
            "Fn::Sub": "${apiformdashboardGraphQLAPIIdOutput}:GetAtt:UserTable:StreamArn"
          }
        },
        "FunctionName": {
          "Fn::GetAtt": [
            "LambdaFunction",
            "Arn"
          ]
        },
        "StartingPosition": "LATEST"
      }
    }
  },
  "Outputs": {
    "Name": {
      "Value": {
        "Ref": "LambdaFunction"
      }
    },
    "Arn": {
      "Value": {
        "Fn::GetAtt": [
          "LambdaFunction",
          "Arn"
        ]
      }
    },
    "Region": {
      "Value": {
        "Ref": "AWS::Region"
      }
    },
    "LambdaExecutionRole": {
      "Value": {
        "Ref": "LambdaExecutionRole"
      }
    }
  }
}