{
  "providers": {
    "awscloudformation": {
      "AuthRoleName": "amplify-formdashboard-dev-154210-authRole",
      "UnauthRoleArn": "arn:aws:iam::493218721673:role/amplify-formdashboard-dev-154210-unauthRole",
      "AuthRoleArn": "arn:aws:iam::493218721673:role/amplify-formdashboard-dev-154210-authRole",
      "Region": "us-east-1",
      "DeploymentBucketName": "amplify-formdashboard-dev-154210-deployment",
      "UnauthRoleName": "amplify-formdashboard-dev-154210-unauthRole",
      "StackName": "amplify-formdashboard-dev-154210",
      "StackId": "arn:aws:cloudformation:us-east-1:493218721673:stack/amplify-formdashboard-dev-154210/f7af15d0-e000-11ea-80f0-1246411399d1",
      "AmplifyAppId": "d3sk8i982m4l1m"
    }
  },
  "auth": {
    "formdashboard0f0e94dd": {
      "service": "Cognito",
      "providerPlugin": "awscloudformation",
      "dependsOn": [],
      "customAuth": false,
      "providerMetadata": {
        "s3TemplateURL": "https://s3.amazonaws.com/amplify-formdashboard-dev-154210-deployment/amplify-cfn-templates/auth/formdashboard0f0e94dd-cloudformation-template.yml",
        "logicalId": "authformdashboard0f0e94dd"
      },
      "lastPushTimeStamp": "2020-11-10T08:45:11.117Z",
      "output": {
        "AppClientSecret": "sef186fvao70stnv6ov1n98lfk7g913k9m5bfqrsd6hv46b7hlm",
        "UserPoolId": "us-east-1_93X5iSzoW",
        "AppClientIDWeb": "3uvevh6jh9mi60rc981im0n8ua",
        "AppClientID": "6l67s5ud8l1m9oio0omcj1c5ko",
        "IdentityPoolId": "us-east-1:ffc576a0-9a7e-4051-a29a-ded755a87cf2",
        "IdentityPoolName": "formdashboard0f0e94dd_identitypool_0f0e94dd__dev",
        "UserPoolName": "formdashboard0f0e94dd_userpool_0f0e94dd"
      },
      "lastPushDirHash": "lj6pAwC5eyo2IafO1sqZzZGo02c="
    }
  },
  "api": {
    "formdashboard": {
      "service": "AppSync",
      "providerPlugin": "awscloudformation",
      "output": {
        "authConfig": {
          "additionalAuthenticationProviders": [],
          "defaultAuthentication": {
            "authenticationType": "API_KEY",
            "apiKeyConfig": {
              "description": "formdash",
              "apiKeyExpirationDays": "365"
            }
          }
        },
        "GraphQLAPIIdOutput": "yv5jye6yf5g4hm442pjvqlsnxq",
        "GraphQLAPIEndpointOutput": "https://sfa6uroeijhfjaldxpdqvd4ttu.appsync-api.us-east-1.amazonaws.com/graphql",
        "GraphQLAPIKeyOutput": "da2-2qhjml7gb5devkx3czb5ylflr4"
      },
      "providerMetadata": {
        "s3TemplateURL": "https://s3.amazonaws.com/amplify-formdashboard-dev-154210-deployment/amplify-cfn-templates/api/cloudformation-template.json",
        "logicalId": "apiformdashboard"
      },
      "lastPushTimeStamp": "2020-11-10T08:45:12.738Z",
      "lastPushDirHash": "RB7BjaN0on50cvPRiwZcZKpqPQI="
    }
  },
  "function": {
    "formDashboardAddEmailCLI": {
      "build": true,
      "providerPlugin": "awscloudformation",
      "service": "Lambda",
      "dependsOn": [
        {
          "category": "api",
          "resourceName": "formdashboard",
          "attributes": [
            "GraphQLAPIIdOutput",
            "GraphQLAPIEndpointOutput"
          ]
        },
        {
          "category": "auth",
          "resourceName": "formdashboard0f0e94dd",
          "attributes": [
            "UserPoolId"
          ]
        }
      ],
      "lastBuildTimeStamp": "2020-11-10T08:06:56.070Z",
      "lastPackageTimeStamp": "2020-11-10T08:06:56.100Z",
      "distZipFilename": "formDashboardAddEmailCLI-373132794b7a39524e62-build.zip",
      "providerMetadata": {
        "s3TemplateURL": "https://s3.amazonaws.com/amplify-formdashboard-dev-154210-deployment/amplify-cfn-templates/function/formDashboardAddEmailCLI-cloudformation-template.json",
        "logicalId": "functionformDashboardAddEmailCLI"
      },
      "lastPushTimeStamp": "2020-11-10T08:45:11.126Z",
      "output": {
        "Region": "us-east-1",
        "Arn": "arn:aws:lambda:us-east-1:493218721673:function:formDashboardAddEmailCLI-dev",
        "Name": "formDashboardAddEmailCLI-dev",
        "LambdaExecutionRole": "formdashboardLambdaRole817f6dc0-dev"
      },
      "lastPushDirHash": "PIgA/qdik6dZ7A06SJ/w0LUGXr4="
    }
  }
}