{
  "auth": {
    "formdashboard0f0e94dd": {
      "service": "Cognito",
      "providerPlugin": "awscloudformation",
      "dependsOn": [],
      "customAuth": false
    }
  },
  "api": {
    "formdashboard": {
      "service": "AppSync",
      "providerPlugin": "awscloudformation",
      "output": {
        "authConfig": {
          "additionalAuthenticationProviders": [],
          "defaultAuthentication": {
            "authenticationType": "API_KEY",
            "apiKeyConfig": {
              "description": "formdash",
              "apiKeyExpirationDays": "365"
            }
          }
        }
      }
    }
  },
  "function": {
    "formDashboardAddEmailCLI": {
      "build": true,
      "providerPlugin": "awscloudformation",
      "service": "Lambda",
      "dependsOn": [
        {
          "category": "api",
          "resourceName": "formdashboard",
          "attributes": [
            "GraphQLAPIIdOutput",
            "GraphQLAPIEndpointOutput"
          ]
        },
        {
          "category": "auth",
          "resourceName": "formdashboard0f0e94dd",
          "attributes": [
            "UserPoolId"
          ]
        }
      ]
    }
  }
}